id;zdanie;skąd
"vad0dfbfa";"4:5 pasuje do posta.";"kod, Kreator: format"
"v449f40c7";"9:16 to rolka na telefon.";"kod, Kreator: format"
"v21666218";"A dokładniej?";"kod, Kreator: bgv"
"v909ca051";"A może zwierzak?";"kod, Kreator: pets"
"vb2583721";"A na dół?";"kod, Kreator: bottom"
"v3c42e492";"A ręce?";"kod, Kreator: arms"
"v719d4f7c";"A Ty?";"kod, tutorial 16"
"v4ab2f0eb";"Albo co ma obok?";"kod, Kreator: things"
"v626d88fc";"Ambitnie.";"kod"
"v2ab29c01";"Będzie widać całą okolicę.";"kod"
"vfbe25660";"Bordo, elegancko.";"kod"
"vd0cab133";"Buty.";"Kreator: cpick"
"v52ea9d4c";"Chyba nie mój klimat.";"kod, tutorial 8"
"vec62eee9";"Ciekawe, co AI nam zaproponuje…";"kod, tutorial 7"
"v144023eb";"Ciekawie.";"kod"
"v1a424b31";"Co dodajemy?";"kod, Kreator: stuffPick"
"vc74d336a";"Co kręcimy?";"kod"
"v19954795";"Co leży na biurku?";"Kreator: items, Kreator: stuffItems"
"v2e8d21ea";"Co leży na ladzie?";"Kreator: items, Kreator: stuffItems"
"v07e1aa2e";"Co leży na stole?";"Kreator: items, Kreator: stuffItems"
"ve20204da";"Co leży na stoliku?";"Kreator: items, Kreator: stuffItems"
"v03cac338";"Co robi?";"kod, Kreator: pose"
"v11fdc570";"Coś jeszcze w miejscu?";"kod, Kreator: fx"
"va44628b9";"Coś jeszcze?";"kod, Kreator: cpart"
"v649705f0";"Coś na głowę?";"kod, Kreator: hat"
"v20d52506";"Coś na wierzch?";"kod, Kreator: outer"
"v8f7bf454";"Coś obok?";"kod, Kreator: things"
"vd0a9029b";"Cyberpunk w naturze?";"kod"
"vf3170657";"Czerwień?";"kod"
"v90682001";"Cześć, jestem Manikun!";"kod"
"v896814fc";"Cześć, jestem Manikun.";"kod, tutorial 1"
"ve69a74db";"Deszcz i śnieg naraz się nie da.";"kolizja efektów"
"vfb6c07e7";"Dodać coś do miejsca?";"kod, Kreator: fx"
"vd0fcf3cd";"Dodajemy coś do sceny?";"kod, Kreator: stuffGate"
"vc91c4711";"Dodajemy?";"kod, Kreator: stuffGate"
"v0486eba5";"Dodatki.";"Kreator: cpick"
"v08a3561b";"Dopracujemy twarz?";"kod, Kreator: face"
"v79d9e1ab";"Dorosły czy dziecko?";"kod, Kreator: age"
"v64040a3c";"Dowolne?";"kod"
"v4fb0f538";"Dół.";"Kreator: cpick"
"v12cf73bd";"Dron!";"kod"
"v64642415";"Ekspert, szacunek.";"kod"
"vdb22d1ec";"Ekspert: wszystkie możliwości.";"kod"
"v3c388754";"Elegancko na plaży?";"kod"
"v2073515a";"Fantasy jak trzeba!";"kod, tutorial 15"
"vd0a1e637";"Format?";"kod, Kreator: format"
"v0823056b";"Gdzie jesteśmy?";"kod, Kreator: background"
"v024e043b";"Gdzie patrzy?";"kod, Kreator: gaze"
"vb1d375ce";"Generator może coś zgubić, najważniejsze daję na początek Maniscryptu.";"tłok w kadrze"
"vff026f29";"Gotowe!";"koniec Kreatora"
"v0efc2774";"Góra.";"Kreator: cpick"
"vbc6d69c8";"Hmm… cyberpunk w lesie?";"kod, tutorial 8"
"v22d44bf8";"I to rozumiem!";"kod, tutorial 15"
"v8797038c";"Jak blisko?";"kod, Kreator: shot"
"vf659d85c";"Jak go ubierzemy?";"Kreator: dress"
"v64e82e8a";"Jak gwiazda.";"kod"
"vf11ac531";"Jak ją ubierzemy?";"Kreator: dress"
"v94e8af90";"Jak mocno?";"kod, Kreator: exprLvl"
"v00358aa0";"Jak pracujemy?";"kod"
"v1013ac59";"Jak rusza się kamera?";"kod, Kreator: motion"
"vd7a73261";"Jak stoi względem kamery?";"kod, Kreator: turn"
"vde6cee18";"Jaka fryzura?";"kod, Kreator: hair"
"vc04c9528";"Jaka góra?";"kod, Kreator: top"
"v3b77c5c4";"Jaka mina?";"kod, Kreator: expr"
"v56b71d7a";"Jaki kolor skóry?";"kod, Kreator: skin"
"vc6cb994a";"Jaki kolor: biurko?";"Kreator: stuffColor"
"vb1718408";"Jaki kolor: fotel?";"Kreator: stuffColor"
"v72ead31d";"Jaki kolor: hoker barowy?";"Kreator: stuffColor"
"vdf54d09f";"Jaki kolor: kamień?";"Kreator: stuffColor"
"v048272ec";"Jaki kolor: kanapa?";"Kreator: stuffColor"
"v679f709e";"Jaki kolor: krzesło?";"Kreator: stuffColor"
"v428b4c52";"Jaki kolor: lada barowa?";"Kreator: stuffColor"
"vc3a70c80";"Jaki kolor: lampa stojąca?";"Kreator: stuffColor"
"vd244a6b2";"Jaki kolor: ławka?";"Kreator: stuffColor"
"vbdcc1ffa";"Jaki kolor: parasol plażowy?";"Kreator: stuffColor"
"va515b37f";"Jaki kolor: pień drzewa?";"Kreator: stuffColor"
"v2b923408";"Jaki kolor: pufa?";"Kreator: stuffColor"
"v17f60883";"Jaki kolor: regał z książkami?";"Kreator: stuffColor"
"v1cf4c9d1";"Jaki kolor: roślina w donicy?";"Kreator: stuffColor"
"vd92d1141";"Jaki kolor: rower?";"Kreator: stuffColor"
"vc0fe0dc2";"Jaki kolor: samochód?";"Kreator: stuffColor"
"v2737e50e";"Jaki kolor: schody?";"Kreator: stuffColor"
"v11e27db7";"Jaki kolor: skrzynia?";"Kreator: stuffColor"
"ve29cda46";"Jaki kolor: stolik kawowy?";"Kreator: stuffColor"
"v68d06108";"Jaki kolor: stół?";"Kreator: stuffColor"
"v7ff85024";"Jaki kolor?";"Kreator: cpick"
"v4677058c";"Jakie buty?";"kod, Kreator: shoes"
"vbee2f20d";"Jakie oprawki?";"kod, Kreator: glassesColor"
"v5a605a71";"Jakie światło?";"kod, Kreator: light"
"v7fc4acfb";"Jakieś dodatki?";"kod, Kreator: acc"
"veeeb0521";"Jest miejsce na pierwszym planie.";"kod"
"v5b7bd390";"Jeśli możesz, wpisz je po angielsku, generator zrozumie pewniej.";"kod"
"v319db143";"Kamera ustawiona.";"kod, Kreator, koniec rozdziału"
"v0ea63469";"Klasa.";"kod"
"v3023b6fe";"Kogo ustawiamy?";"kod, Kreator: body"
"v2008b94a";"Kolor włosów?";"kod, Kreator: hairColor"
"vb05f36e9";"Kolor zarostu?";"kod, Kreator: beardColor"
"v59a2ed02";"Kot miał tu być o dziewiątej.";"kod"
"v388c608e";"Kreator prowadzi krok po kroku, w Swobodzie wszystko jest pod ręką.";"kod"
"vfeff2f70";"Krzesło, stół, rower…";"kod, Kreator: things"
"v4af16909";"Którą część?";"kod, Kreator: cpart"
"v42ccae21";"Który zestaw?";"kod, Kreator: set"
"v62fbdb64";"Lada, samochód, regał…";"kod, Kreator: things"
"v423576e3";"Lubię to.";"kod"
"vbe8bfb28";"Masz jakiś pomysł na scenę?";"kod, tutorial 16"
"v46418676";"Meble, siedziska, rower…";"kod, Kreator: stuffGate"
"vcfe1d583";"Miejsce mamy.";"kod, Kreator, koniec rozdziału"
"vf6176dc2";"Mięta, świeżo.";"kod"
"v7a88dea3";"Może coś do siedzenia?";"kod, Kreator: stuffPick"
"vb609f309";"Możesz wybrać kilka.";"kod, Kreator: stuffItems, Kreator: fx"
"va9a1e06c";"Musztarda.";"kod"
"v47b02856";"Na czym siedzi?";"kod, Kreator: things"
"v00c8a037";"Na jakim poziomie?";"kod"
"v4ea88074";"Na razie działa Postać.";"kod"
"vc9127b3a";"Na razie zróbmy świetną postać!";"kod"
"v7f0b1827";"Najpierw muszę się nauczyć rysować.";"kod"
"vd07c3aed";"Najpierw wybierz stół, ladę albo biurko, żeby było na czym położyć.";"kod"
"v4a17a99b";"Najpierw wybierz, co kręcimy.";"kod"
"v7db5eb7d";"Nakrycie głowy.";"Kreator: cpick"
"vb25cdd12";"Nie wszystko mieści się w kadrze.";"kod"
"vdc591612";"Nie znam tego słowa po angielsku.";"kod"
"v2660e5c2";"O co się opiera?";"kod, Kreator: things, Kreator: stuffPick"
"v98b002cd";"Obiekty?";"kod"
"vc9ca46e4";"Odważnie.";"kod"
"v21bf6d65";"Okrycie.";"Kreator: cpick"
"vfc1cd941";"Okulary?";"Kreator: glasses"
"v916d891d";"Oparty potrzebuje czegoś za plecami.";"kod, Kreator: stuffGate"
"v37aece00";"Pasuje?";"Kreator: zdaj się na mnie"
"v0c72e3fc";"Pies, kot, królik albo smok.";"kod, Kreator: pets"
"v1942f7ce";"Podstawowy to najważniejsze opcje, Ekspert daje wszystkie możliwości.";"kod"
"ve9e0678b";"Podstawowy: najważniejsze opcje, resztę ustawiam sam.";"kod"
"v76ea3084";"Pomarańcz, widać z daleka.";"kod"
"v9c9d4397";"Poprawki zrobisz tu, w Swobodzie.";"koniec Kreatora"
"va25b7738";"Pora dnia?";"kod, Kreator: time"
"vff965f10";"Postać gotowa.";"kod, Kreator, koniec rozdziału"
"v00fa0310";"Postawiłem stół, żeby było na czym położyć.";"kod"
"vc38ad58d";"Poza jest.";"kod, Kreator, koniec rozdziału"
"ve7909e2c";"Przełączmy styl.";"kod, tutorial 9"
"v2df6139a";"Reżyseruję sceny filmowe.";"kod, tutorial 1"
"vc463c29f";"Robi się ciasno na boki.";"kod"
"v07e720c7";"Robi się tłoczno: 10 rzeczy.";"tłok w kadrze"
"vc7c9ea04";"Robi się tłoczno: 11 rzeczy.";"tłok w kadrze"
"v446767ed";"Robi się tłoczno: 12 rzeczy.";"tłok w kadrze"
"v305d145a";"Robi się tłoczno: 13 rzeczy.";"tłok w kadrze"
"v4a9a4ccb";"Robi się tłoczno: 14 rzeczy.";"tłok w kadrze"
"vca3e55fd";"Robi się tłoczno: 7 rzeczy.";"tłok w kadrze"
"vc433cd00";"Robi się tłoczno: 8 rzeczy.";"tłok w kadrze"
"vfcde7d53";"Robi się tłoczno: 9 rzeczy.";"tłok w kadrze"
"vf35af2af";"Róż?";"kod"
"v8caec4f7";"Rzeczy gotowe.";"kod, Kreator, koniec rozdziału"
"v0889de95";"Rzeczy stoją nad sobą.";"kod"
"v58fade08";"Rzeka, mgła, deszcz…";"kod, Kreator: fx"
"v7a1aa2cc";"Skopiuj go.";"kod, tutorial 6"
"v88a88bd2";"Słoneczne okulary w nocy?";"kod"
"v6cf2efb0";"Stuknij Dół.";"kod, tutorial 3"
"v69657e3a";"Stuknij mnie, a dam wyższy kadr (zmieści się też pierwszy plan).";"kod"
"vd22ac179";"Stuknij mnie, a poszerzę kadr (dalej po bokach zmieszczą się kolejne rzeczy).";"kod"
"v9b36f6e3";"Stuknij mnie, a poszerzę kadr.";"kod"
"vff73e37b";"Stuknij punkt.";"wskazywanie miejsca rzeczy"
"v523e7903";"Stuknij Styl.";"kod, tutorial 10"
"v4d564292";"Stuknij zielony przycisk i skopiuj Maniscrypt.";"koniec Kreatora"
"v1c635d70";"Stwórzmy Maniscrypt dla stylu Fantasy.";"kod, tutorial 12"
"vab95c4cd";"Stwórzmy Maniscrypt dla tej sceny: stuknij zielony przycisk.";"kod, tutorial 5"
"v7cce36c6";"Swoboda: wszystkie opcje pod ręką.";"kod"
"vd48220e1";"Szerszy kadr.";"kod"
"vacc77ffe";"Szukaj znajdzie też banana.";"Kreator: items"
"vc9c5ce0b";"Szukam za kanapą.";"kod"
"v83df36de";"Szukamy go od rana.";"kod"
"v47d2c900";"Śnieg i deszcz naraz się nie da.";"kolizja efektów"
"v0c18bae2";"Świetnie.";"kod, tutorial 5"
"ve8978185";"Ta opcja będzie dostępna wkrótce.";"kod"
"v45e8c5c4";"Teraz się mieści.";"kod"
"v9c9c17c7";"Teraz wybierz Dres.";"kod, tutorial 4"
"v1136c308";"Ty pokazujesz, co potrzebujesz, a ja przygotowuję Ci opis dla AI.";"kod, tutorial 2"
"v6f7395a7";"Usta?";"Kreator: lips"
"v0843fa31";"Ustawiasz scenę, a ja piszę dla niej Maniscrypt dla generatora AI.";"kod"
"v15f671b2";"W jakim klimacie?";"kod, Kreator: style"
"v7a5dfdf9";"W tej scenie jeansy za bardzo nie pasują.";"kod, tutorial 3"
"v808b79bf";"Więcej miejsca po bokach.";"kod"
"vb85913f6";"Wróć strzałką do głównych grup.";"kod, tutorial 9"
"ve4bbc2bd";"Wskaż na ekranie, gdzie ma stać: biurko.";"Kreator: stuffWhere"
"v5ac65f9b";"Wskaż na ekranie, gdzie ma stać: fotel.";"Kreator: stuffWhere"
"v33812b2a";"Wskaż na ekranie, gdzie ma stać: hoker barowy.";"Kreator: stuffWhere"
"v49ddbeac";"Wskaż na ekranie, gdzie ma stać: kamień.";"Kreator: stuffWhere"
"v2c68283f";"Wskaż na ekranie, gdzie ma stać: kanapa.";"Kreator: stuffWhere"
"v8b460791";"Wskaż na ekranie, gdzie ma stać: krzesło.";"Kreator: stuffWhere"
"v937eae25";"Wskaż na ekranie, gdzie ma stać: lada barowa.";"Kreator: stuffWhere"
"v4db1bb33";"Wskaż na ekranie, gdzie ma stać: lampa stojąca.";"Kreator: stuffWhere"
"vf6286de5";"Wskaż na ekranie, gdzie ma stać: ławka.";"Kreator: stuffWhere"
"vec3f5c4d";"Wskaż na ekranie, gdzie ma stać: parasol plażowy.";"Kreator: stuffWhere"
"v143eb22c";"Wskaż na ekranie, gdzie ma stać: pień drzewa.";"Kreator: stuffWhere"
"v7f2b73db";"Wskaż na ekranie, gdzie ma stać: pufa.";"Kreator: stuffWhere"
"ve69b74d0";"Wskaż na ekranie, gdzie ma stać: regał z książkami.";"Kreator: stuffWhere"
"v79ff219e";"Wskaż na ekranie, gdzie ma stać: roślina w donicy.";"Kreator: stuffWhere"
"v90f8afee";"Wskaż na ekranie, gdzie ma stać: rower.";"Kreator: stuffWhere"
"v8b41cd55";"Wskaż na ekranie, gdzie ma stać: samochód.";"Kreator: stuffWhere"
"v993d1e21";"Wskaż na ekranie, gdzie ma stać: schody.";"Kreator: stuffWhere"
"ve28354c4";"Wskaż na ekranie, gdzie ma stać: skrzynia.";"Kreator: stuffWhere"
"v7a6f52b9";"Wskaż na ekranie, gdzie ma stać: stolik kawowy.";"Kreator: stuffWhere"
"vc3ab577b";"Wskaż na ekranie, gdzie ma stać: stół.";"Kreator: stuffWhere"
"v3ff4f537";"Wskaż w kadrze, gdzie ma stać: biurko.";"wskazywanie miejsca rzeczy"
"vac184ae9";"Wskaż w kadrze, gdzie ma stać: fotel.";"wskazywanie miejsca rzeczy"
"v9325e050";"Wskaż w kadrze, gdzie ma stać: hoker barowy.";"wskazywanie miejsca rzeczy"
"v7c1b018a";"Wskaż w kadrze, gdzie ma stać: kamień.";"wskazywanie miejsca rzeczy"
"va2588931";"Wskaż w kadrze, gdzie ma stać: kanapa.";"wskazywanie miejsca rzeczy"
"v52746c7f";"Wskaż w kadrze, gdzie ma stać: krzesło.";"wskazywanie miejsca rzeczy"
"v66ea405b";"Wskaż w kadrze, gdzie ma stać: lada barowa.";"wskazywanie miejsca rzeczy"
"v2b687481";"Wskaż w kadrze, gdzie ma stać: lampa stojąca.";"wskazywanie miejsca rzeczy"
"v6077dd07";"Wskaż w kadrze, gdzie ma stać: ławka.";"wskazywanie miejsca rzeczy"
"v23704a5f";"Wskaż w kadrze, gdzie ma stać: parasol plażowy.";"wskazywanie miejsca rzeczy"
"ve5c64d26";"Wskaż w kadrze, gdzie ma stać: pień drzewa.";"wskazywanie miejsca rzeczy"
"va5072c29";"Wskaż w kadrze, gdzie ma stać: pufa.";"wskazywanie miejsca rzeczy"
"v7d81d0fa";"Wskaż w kadrze, gdzie ma stać: regał z książkami.";"wskazywanie miejsca rzeczy"
"v29d70bf0";"Wskaż w kadrze, gdzie ma stać: roślina w donicy.";"wskazywanie miejsca rzeczy"
"v4a453bac";"Wskaż w kadrze, gdzie ma stać: rower.";"wskazywanie miejsca rzeczy"
"v282ddc1f";"Wskaż w kadrze, gdzie ma stać: samochód.";"wskazywanie miejsca rzeczy"
"va30e01d7";"Wskaż w kadrze, gdzie ma stać: schody.";"wskazywanie miejsca rzeczy"
"v4dfe629a";"Wskaż w kadrze, gdzie ma stać: skrzynia.";"wskazywanie miejsca rzeczy"
"v9f555edb";"Wskaż w kadrze, gdzie ma stać: stolik kawowy.";"wskazywanie miejsca rzeczy"
"v63b322b1";"Wskaż w kadrze, gdzie ma stać: stół.";"wskazywanie miejsca rzeczy"
"v80408e36";"Wybieraj na górze.";"kod"
"vb64e6cd7";"Wybierz albo stuknij Rzeczy gotowe.";"kod"
"v47d1cbc2";"Wybierz część albo stuknij Kolory gotowe.";"kod, Kreator: cpart"
"v49c0db65";"Wybierz Fantasy.";"kod, tutorial 11"
"va8f41164";"Wybory z Kreatora zostają.";"kod"
"v8268c745";"Wybory zostają.";"kod"
"v23ffc0bd";"Wyższy kadr.";"kod"
"v3f7962ac";"Z której strony patrzymy?";"kod, Kreator: camera"
"va33a17a6";"Zaczynamy!";"kod"
"v1944d466";"Założysz mu dres?";"kod, tutorial 3"
"v41563455";"Zarost?";"Kreator: beard"
"v2ac32fe4";"Zgubiłem gdzieś rekwizyty…";"kod"
"v7dfe296b";"Zmieniamy kolory?";"kod, Kreator: colors"
"v6c3372dd";"Zmienisz to w menu.";"kod"
"vb726ed82";"Zobaczmy, co AI zrobi z Fantasy…";"kod, tutorial 14"
"v8640275f";"Zostawiam: deszcz.";"kolizja efektów"
"v0aa3979a";"Zostawiam: śnieg.";"kolizja efektów"
